{"reconstructions":{"path":"media/images/reconstructions_15700_7cdf9a5637c6deaaf73f.png","format":"png","width":122,"height":244,"_type":"image-file","sha256":"7cdf9a5637c6deaaf73fa23088f93fc74ab459ac9ab2a4f012daeb57959ccd9f","size":19137},"_wandb":{"runtime":123},"_timestamp":1.7447274780677161e+09,"_runtime":123.246883234,"_step":15700,"train_loss_step":0.22283728420734406,"train_loss_epoch":0.2482620143586663,"epoch":100}