{"_wandb":{"runtime":523},"_timestamp":1.7447982837436917e+09,"_runtime":523.691783716,"_step":4690,"train_loss_step":0.0688103660941124,"train_loss_epoch":0.0729474692678909,"epoch":10}