{"train_loss_step":0.0005986509495414793,"_timestamp":1.7447288031760526e+09,"_runtime":37.794016881,"_step":500,"train_loss_epoch":0.0005986509495414793,"epoch":500,"reconstructions":{"size":1548,"path":"media/images/reconstructions_500_c3e9bc9ea773d4af33e7.png","format":"png","width":28,"height":56,"_type":"image-file","sha256":"c3e9bc9ea773d4af33e70d73e25faac6e1a60e8c628c33ee523a6cdae1a05691"},"_wandb":{"runtime":37}}