{"_wandb":{"runtime":571},"epoch":20,"train_loss_epoch_avg":0.040417998065722396,"quadrant_mse_ema":0.0012709642760455608,"_timestamp":1.744629036280861e+09,"_runtime":570.683708929,"_step":19}