{"_timestamp":1.7444438081484613e+09,"_runtime":915.256635327,"_step":19,"epoch":20,"train_loss_epoch_avg":0.038208319901906214,"quadrant_mse_ema":0.007850411348044872,"_wandb":{"runtime":915}}