{"_wandb":{"runtime":513},"train_loss_epoch_avg":0.05590551141007193,"quadrant_mse_ema":0.002847260795533657,"_timestamp":1.7446246396632478e+09,"_runtime":513.446222435,"_step":19,"epoch":20}