{"_timestamp":1.7447284723977246e+09,"epoch":200,"train_loss_epoch":0.18635706062529497,"reconstructions":{"width":122,"height":244,"_type":"image-file","sha256":"87ce73631c3b4700da8f9c31b718a7463360f2c0fc319354e2bd5ead04c41321","size":21986,"path":"media/images/reconstructions_31400_87ce73631c3b4700da8f.png","format":"png"},"_wandb":{"runtime":269},"_runtime":269.379652161,"_step":31400,"train_loss_step":0.19429248571395874}