{"reconstructions":{"_type":"image-file","sha256":"fa3e316a4c7a9a72330eca753a5c6b26c3c0b2b458663bd315bb694e37085c6e","size":19362,"path":"media/images/reconstructions_15700_fa3e316a4c7a9a72330e.png","format":"png","width":122,"height":244},"_wandb":{"runtime":124},"_step":15700,"train_loss_step":0.22557710111141205,"_timestamp":1.7447281515322027e+09,"_runtime":124.147021944,"train_loss_epoch":0.22937515472910205,"epoch":100}