{"_wandb":{"runtime":524},"_runtime":524.739321374,"_step":4690,"train_loss_step":0.07797717303037643,"_timestamp":1.7447973044343607e+09,"train_loss_epoch":0.07430735907988,"epoch":10}