{"_runtime":1015.071397271,"_step":9380,"epoch":20,"train_loss_epoch":0.06529522498946454,"_wandb":{"runtime":1015},"train_loss_step":0.06062287092208862,"_timestamp":1.7448091784906652e+09}