{"quadrant_mse_ema":0.007312562316656113,"_timestamp":1.7446249277858841e+09,"_runtime":961.173085085,"_wandb":{"runtime":961},"_step":19,"epoch":20,"train_loss_epoch_avg":0.04351727022179242}